customer_id,age,tenure_months,monthly_charges,total_charges,contract_type,internet_service,support_tickets,payment_method,churn
1,56,15,59.23,929.62,Month-to-Month,Fiber,5,UPI,1
2,69,64,24.2,1613.6,Month-to-Month,Fiber,1,Credit Card,1
3,46,28,78.02,2053.63,One Year,Fiber,1,UPI,0
4,32,39,45.95,1688.47,Month-to-Month,Fiber,1,UPI,0
5,60,57,49.88,2950.23,Month-to-Month,None,3,Bank Transfer,0
6,25,17,53.02,850.81,Two Year,DSL,0,Cash,0
7,38,44,122.42,5320.41,Month-to-Month,None,0,Bank Transfer,1
8,56,25,85.48,2257.53,Two Year,Fiber,1,Credit Card,0
9,36,17,53.58,962.59,One Year,Fiber,1,Cash,0
10,40,13,95.45,1229.25,One Year,DSL,2,UPI,0
11,28,25,110.26,2917.58,Month-to-Month,Fiber,4,UPI,1
12,28,68,48.17,3497.4,Month-to-Month,Fiber,2,Credit Card,0
13,41,10,67.9,700.02,One Year,Fiber,6,Cash,1
14,53,67,27.06,1714.55,One Year,Fiber,1,Credit Card,0
15,57,18,35.36,607.71,One Year,Fiber,2,Credit Card,0
16,41,34,105.36,3449.58,Month-to-Month,Fiber,1,Bank Transfer,1
17,20,8,35.4,261.5,One Year,DSL,3,Credit Card,0
18,39,40,83.52,3189.23,One Year,Fiber,3,Cash,0
19,19,42,109.27,4322.72,One Year,Fiber,2,Credit Card,1
20,41,41,24.96,1014.22,One Year,DSL,4,Cash,0
21,61,6,89.42,580.35,One Year,Fiber,2,UPI,1
22,47,52,45.92,2198.95,One Year,Fiber,3,Credit Card,0
23,55,26,144.81,3930.92,Month-to-Month,DSL,2,Cash,0
24,19,64,77.7,5159.06,Month-to-Month,Fiber,2,UPI,0
25,38,59,122.84,6661.6,Month-to-Month,Fiber,1,Cash,1
26,50,56,87.03,5285.58,Month-to-Month,Fiber,3,UPI,1
27,29,59,16.08,961.71,Month-to-Month,Fiber,3,Bank Transfer,0
28,39,70,98.64,6716.61,Month-to-Month,DSL,2,Credit Card,1
29,61,33,143.2,4968.06,Month-to-Month,DSL,0,Credit Card,1
30,42,53,94.23,4751.84,Month-to-Month,Fiber,1,UPI,0
31,66,22,124.69,2849.35,One Year,DSL,1,Bank Transfer,1
32,44,21,133.79,2550.95,Two Year,DSL,5,Cash,1
33,59,70,41.93,3134.34,Month-to-Month,Fiber,1,Bank Transfer,1
34,45,70,39.69,2749.5,Two Year,DSL,3,Cash,0
35,33,4,95.54,392.61,Month-to-Month,Fiber,2,Cash,1
36,32,62,67.54,3954.02,Month-to-Month,Fiber,3,Credit Card,1
37,64,62,127.58,8190.09,Month-to-Month,Fiber,4,UPI,1
38,68,24,136.0,3441.72,Month-to-Month,Fiber,3,Credit Card,1
39,61,55,59.48,3253.87,One Year,Fiber,3,Credit Card,1
40,69,9,43.16,397.59,One Year,DSL,2,Credit Card,0
41,20,3,119.27,354.68,Month-to-Month,Fiber,3,Cash,1
42,54,31,48.47,1621.0,Month-to-Month,Fiber,2,Credit Card,0
43,68,40,125.17,5004.67,Month-to-Month,Fiber,2,Cash,1
44,24,36,69.32,2666.12,Month-to-Month,DSL,5,UPI,0
45,38,24,103.46,2632.69,Month-to-Month,DSL,4,Cash,1
46,26,6,23.37,137.71,Month-to-Month,DSL,1,Cash,1
47,56,66,97.34,6077.63,One Year,DSL,2,Bank Transfer,0
48,35,4,73.25,287.5,Two Year,DSL,3,Credit Card,0
49,21,6,92.13,588.85,Month-to-Month,Fiber,2,Credit Card,1
50,42,51,33.52,1616.4,Two Year,DSL,2,Credit Card,1
51,31,62,113.16,7050.21,Month-to-Month,DSL,0,Credit Card,0
52,67,57,130.79,7911.42,Month-to-Month,None,3,Bank Transfer,1
53,26,66,40.34,2584.42,Month-to-Month,DSL,2,Bank Transfer,1
54,43,8,23.4,192.52,One Year,Fiber,3,Bank Transfer,0
55,19,26,13.31,328.45,Two Year,Fiber,2,Bank Transfer,0
56,37,51,99.88,4695.82,One Year,Fiber,3,Credit Card,0
57,45,45,94.99,4526.22,Month-to-Month,DSL,2,Cash,1
58,64,44,86.54,3502.35,One Year,Fiber,2,UPI,0
59,24,5,42.47,202.64,Month-to-Month,Fiber,2,Bank Transfer,1
60,61,70,64.73,4852.91,Two Year,DSL,3,Cash,0
61,25,26,93.23,2349.55,Month-to-Month,Fiber,2,Bank Transfer,0
62,64,68,79.55,5921.18,Month-to-Month,DSL,1,Credit Card,1
63,52,19,148.29,3087.84,Month-to-Month,Fiber,1,Credit Card,1
64,31,20,29.1,555.03,One Year,Fiber,3,Cash,0
65,34,12,107.32,1169.61,Month-to-Month,Fiber,0,Cash,0
66,53,47,66.6,3258.58,One Year,DSL,0,Cash,0
67,67,1,69.95,69.26,Month-to-Month,Fiber,3,Credit Card,1
68,57,14,110.46,1422.96,One Year,Fiber,2,Credit Card,1
69,21,64,106.94,7128.22,One Year,None,2,UPI,0
70,19,38,148.78,5123.53,One Year,Fiber,0,Cash,0
71,23,37,27.98,1111.91,Month-to-Month,DSL,2,UPI,0
72,59,11,24.58,250.84,Month-to-Month,DSL,1,Bank Transfer,1
73,21,3,111.41,309.32,Month-to-Month,Fiber,2,UPI,1
74,46,33,90.97,2807.28,One Year,DSL,3,Bank Transfer,0
75,35,6,48.38,317.0,Month-to-Month,Fiber,1,Bank Transfer,1
76,43,50,21.12,1096.8,Month-to-Month,DSL,5,UPI,1
77,61,10,21.99,233.15,Month-to-Month,Fiber,1,Cash,1
78,51,5,135.19,662.11,Month-to-Month,DSL,2,Bank Transfer,0
79,27,23,36.86,820.03,One Year,Fiber,2,Cash,0
80,53,10,55.27,523.35,Month-to-Month,DSL,1,Credit Card,1
81,31,44,41.73,1829.01,One Year,Fiber,3,Bank Transfer,0
82,48,2,59.7,120.64,Month-to-Month,Fiber,1,Credit Card,1
83,65,13,19.72,263.12,Month-to-Month,Fiber,1,UPI,0
84,32,40,82.67,3146.17,Month-to-Month,Fiber,1,Cash,0
85,25,2,19.47,42.43,Month-to-Month,DSL,1,UPI,0
86,31,65,122.05,7409.27,Month-to-Month,Fiber,4,Bank Transfer,1
87,40,63,42.72,2942.01,One Year,None,0,Credit Card,0
88,57,17,85.6,1314.0,Month-to-Month,None,1,Bank Transfer,1
89,38,9,133.21,1194.36,One Year,DSL,1,UPI,1
90,33,15,101.12,1466.25,Month-to-Month,Fiber,1,Cash,1
91,62,24,84.61,2009.98,Month-to-Month,Fiber,1,Cash,1
92,35,38,55.41,2135.34,One Year,DSL,1,Bank Transfer,0
93,64,35,56.62,1956.17,Month-to-Month,Fiber,0,Bank Transfer,0
94,41,49,103.73,4996.21,Month-to-Month,Fiber,3,Credit Card,0
95,43,69,149.18,10772.52,Month-to-Month,DSL,0,UPI,1
96,42,62,102.66,6601.54,Month-to-Month,DSL,3,Bank Transfer,1
97,62,60,88.09,5637.69,One Year,DSL,1,Credit Card,0
98,58,50,112.29,5333.73,Month-to-Month,Fiber,6,Bank Transfer,1
99,46,9,75.13,690.98,One Year,DSL,1,Cash,0
100,32,34,18.42,636.95,Two Year,Fiber,2,Credit Card,0
101,62,35,88.72,3024.3,Month-to-Month,Fiber,1,Credit Card,0
102,18,1,144.07,143.67,Two Year,DSL,1,Bank Transfer,1
103,42,40,34.54,1330.14,Month-to-Month,Fiber,4,UPI,1
104,24,64,106.6,6333.7,Two Year,Fiber,1,Cash,0
105,26,22,38.13,790.84,Month-to-Month,Fiber,2,UPI,1
106,41,60,85.02,4698.73,One Year,DSL,3,Credit Card,0
107,18,64,23.53,1561.06,Month-to-Month,DSL,0,UPI,1
108,61,11,73.05,829.38,Month-to-Month,DSL,1,Credit Card,1
109,25,14,115.86,1768.22,One Year,DSL,1,UPI,1
110,41,60,58.66,3681.28,One Year,Fiber,1,Bank Transfer,0
111,28,30,103.09,2815.62,Month-to-Month,Fiber,3,UPI,1
112,68,35,121.36,4574.02,Month-to-Month,Fiber,1,Credit Card,1
113,34,37,139.8,5547.79,One Year,Fiber,2,Cash,0
114,25,5,42.85,211.82,One Year,Fiber,3,Cash,1
115,52,26,65.9,1742.82,Two Year,None,1,Cash,0
116,52,62,31.34,2128.09,One Year,Fiber,2,Credit Card,0
117,50,4,148.95,599.65,Two Year,Fiber,3,UPI,0
118,22,42,139.78,6346.67,One Year,Fiber,1,Cash,0
119,59,18,85.59,1412.14,Month-to-Month,Fiber,2,Cash,1
120,56,40,127.88,4799.13,Month-to-Month,None,3,Cash,1
121,58,39,82.93,3195.95,One Year,Fiber,2,Bank Transfer,0
122,45,14,97.3,1385.29,One Year,Fiber,0,Credit Card,0
123,24,32,22.48,764.86,Month-to-Month,DSL,3,Credit Card,0
124,26,51,115.74,6479.16,Month-to-Month,Fiber,2,Credit Card,0
125,25,38,27.88,1035.89,Two Year,Fiber,2,Credit Card,0
126,29,23,125.65,2628.36,Month-to-Month,Fiber,0,Credit Card,1
127,51,63,119.48,7980.64,Month-to-Month,DSL,1,Bank Transfer,1
128,50,15,109.22,1672.5,Month-to-Month,None,0,UPI,1
129,65,25,15.06,353.8,Month-to-Month,DSL,1,Bank Transfer,1
130,40,17,52.44,890.56,Month-to-Month,Fiber,1,Cash,0
131,41,66,46.84,3241.26,Month-to-Month,DSL,2,Bank Transfer,1
132,54,53,60.42,3375.45,Month-to-Month,Fiber,3,Credit Card,0
133,52,51,22.27,1135.68,One Year,Fiber,3,Bank Transfer,0
134,61,39,141.17,5291.15,Month-to-Month,Fiber,2,Credit Card,1
135,57,51,87.53,4886.99,One Year,Fiber,2,Bank Transfer,0
136,39,70,52.77,3814.59,Two Year,DSL,4,Credit Card,0
137,44,6,65.58,386.26,Month-to-Month,DSL,1,Cash,1
138,52,67,72.61,4651.27,One Year,None,3,Credit Card,0
139,18,7,94.08,689.0,Month-to-Month,DSL,3,Bank Transfer,1
140,52,51,82.2,3976.04,Two Year,DSL,4,Cash,0
141,54,42,138.71,5443.31,Month-to-Month,Fiber,2,Bank Transfer,0
142,64,64,79.57,5122.87,One Year,Fiber,4,Cash,0
143,31,15,148.9,2139.69,One Year,DSL,3,UPI,0
144,20,29,129.2,3843.4,Month-to-Month,Fiber,2,UPI,1
145,18,33,39.19,1194.45,Month-to-Month,DSL,3,UPI,0
146,22,27,140.28,3904.93,One Year,Fiber,2,Bank Transfer,0
147,43,36,26.29,905.42,One Year,Fiber,2,Bank Transfer,0
148,31,29,124.44,3248.06,Month-to-Month,Fiber,4,Cash,0
149,56,38,63.29,2225.57,One Year,Fiber,4,Cash,0
150,44,57,132.92,8233.49,Month-to-Month,Fiber,1,Cash,1
151,26,27,131.53,3812.23,One Year,DSL,1,Cash,0
152,32,55,122.83,6395.72,Month-to-Month,Fiber,0,Credit Card,0
153,32,33,120.6,4201.37,Two Year,DSL,3,UPI,1
154,43,68,52.66,3658.64,Month-to-Month,Fiber,1,Credit Card,0
155,59,66,21.33,1540.37,Month-to-Month,Fiber,6,Credit Card,1
156,30,10,66.42,647.41,Month-to-Month,Fiber,1,Credit Card,1
157,68,5,34.29,177.67,Month-to-Month,DSL,1,Credit Card,0
158,49,38,107.29,3721.13,Month-to-Month,Fiber,3,UPI,1
159,56,13,58.45,744.08,Month-to-Month,DSL,3,Credit Card,1
160,66,31,146.59,4965.83,One Year,Fiber,0,Cash,0
161,69,47,99.74,4724.33,Month-to-Month,DSL,2,Bank Transfer,1
162,49,52,125.15,6231.71,Month-to-Month,Fiber,1,Cash,1
163,21,56,28.55,1477.38,Month-to-Month,DSL,3,Bank Transfer,1
164,47,15,130.68,2039.99,Month-to-Month,DSL,1,Cash,1
165,54,29,139.19,4153.45,Month-to-Month,None,3,Cash,0
166,40,8,78.19,609.75,Month-to-Month,Fiber,5,Bank Transfer,1
167,56,5,94.88,517.19,Month-to-Month,Fiber,0,UPI,0
168,62,29,117.07,3070.6,Month-to-Month,Fiber,1,Credit Card,1
169,32,47,34.48,1556.94,Month-to-Month,DSL,2,Cash,1
170,60,68,80.36,5924.67,Month-to-Month,DSL,1,UPI,1
171,46,45,65.81,2855.39,Month-to-Month,DSL,5,Credit Card,1
172,53,2,30.49,57.96,Month-to-Month,Fiber,1,UPI,1
173,30,27,61.45,1670.51,Two Year,Fiber,3,UPI,0
174,49,36,19.54,749.0,Month-to-Month,Fiber,2,Credit Card,1
175,24,36,13.61,451.07,One Year,None,2,Cash,0
176,68,26,28.92,818.54,Month-to-Month,DSL,0,UPI,1
177,39,43,144.84,6595.67,One Year,None,2,Cash,1
178,45,27,86.93,2197.48,One Year,Fiber,2,Cash,0
179,19,69,145.22,10445.05,Month-to-Month,DSL,4,Cash,0
180,59,20,70.55,1378.54,Two Year,DSL,0,Credit Card,0
181,62,11,53.65,578.62,Month-to-Month,Fiber,3,Bank Transfer,1
182,23,38,80.86,3246.77,Month-to-Month,DSL,3,Cash,1
183,45,6,71.53,468.9,One Year,None,3,Bank Transfer,0
184,45,23,24.79,527.6,One Year,DSL,2,Bank Transfer,0
185,61,47,99.72,4612.44,Month-to-Month,DSL,0,UPI,0
186,61,46,40.25,1844.44,Month-to-Month,Fiber,2,Cash,1
187,37,12,96.74,1132.16,Month-to-Month,Fiber,2,Cash,0
188,47,13,101.03,1277.45,Month-to-Month,None,1,Cash,1
189,28,62,31.28,1765.7,One Year,Fiber,0,Bank Transfer,0
190,45,60,18.59,1156.79,Month-to-Month,DSL,0,Credit Card,1
191,42,43,119.31,5064.88,Month-to-Month,DSL,1,Bank Transfer,1
192,56,68,74.37,4748.46,Month-to-Month,DSL,0,Cash,1
193,50,5,18.14,96.43,Month-to-Month,None,2,Cash,1
194,18,37,149.28,5857.59,Month-to-Month,Fiber,1,Cash,0
195,44,31,18.09,559.26,One Year,Fiber,3,Bank Transfer,1
196,69,9,107.3,926.77,Two Year,Fiber,1,Cash,1
197,30,51,147.72,7741.79,One Year,Fiber,1,UPI,0
198,58,29,43.49,1207.77,Month-to-Month,Fiber,6,Cash,1
199,20,40,29.91,1133.23,Two Year,Fiber,3,Credit Card,0
200,56,41,26.99,1157.61,One Year,DSL,1,UPI,0
201,23,11,52.46,524.01,One Year,None,1,Cash,0
202,25,23,24.15,510.43,Month-to-Month,Fiber,4,UPI,1
203,44,1,106.9,96.36,Month-to-Month,Fiber,3,Cash,1
204,26,46,18.72,801.35,Month-to-Month,None,0,Credit Card,1
205,54,21,81.32,1560.51,Month-to-Month,Fiber,0,Cash,1
206,50,36,149.54,5917.26,Month-to-Month,Fiber,3,UPI,1
207,68,54,123.96,6411.11,Month-to-Month,Fiber,3,Credit Card,1
208,59,57,96.13,5095.05,Month-to-Month,DSL,4,Bank Transfer,1
209,61,1,52.88,50.14,One Year,Fiber,2,Credit Card,0
210,41,63,97.35,6668.01,Month-to-Month,None,1,Credit Card,1
211,32,54,83.79,4542.9,Month-to-Month,Fiber,4,Credit Card,0
212,49,55,69.65,3727.18,Two Year,DSL,2,UPI,0
213,49,40,28.3,1216.54,Two Year,Fiber,1,Credit Card,0
214,41,15,134.12,1969.55,One Year,Fiber,2,Cash,1
215,58,21,72.97,1481.8,Two Year,DSL,2,Credit Card,0
216,69,47,37.25,1648.25,Month-to-Month,DSL,2,Credit Card,0
217,66,53,61.49,3179.32,Two Year,DSL,1,Cash,0
218,66,9,67.98,589.39,Month-to-Month,DSL,0,Cash,1
219,69,52,125.86,6776.8,Month-to-Month,None,3,Bank Transfer,0
220,29,57,112.71,6154.11,Month-to-Month,DSL,4,Credit Card,0
221,56,26,117.7,3107.45,Month-to-Month,DSL,6,UPI,1
222,19,41,11.54,432.06,Month-to-Month,Fiber,4,Credit Card,1
223,20,35,68.26,2241.59,One Year,Fiber,2,Credit Card,0
224,66,63,77.39,4785.28,One Year,Fiber,1,Cash,0
225,54,25,12.69,344.97,Month-to-Month,DSL,4,Bank Transfer,1
226,66,38,46.37,1718.8,Month-to-Month,Fiber,2,Credit Card,1
227,34,2,116.44,240.52,One Year,Fiber,3,UPI,0
228,66,7,29.2,194.39,One Year,DSL,2,Credit Card,1
229,19,34,84.94,2672.54,Month-to-Month,DSL,3,UPI,0
230,19,17,40.13,621.98,One Year,None,0,Cash,0
231,45,43,11.7,483.52,Month-to-Month,Fiber,2,Bank Transfer,0
232,40,59,43.77,2405.62,Month-to-Month,DSL,2,Credit Card,0
233,54,51,146.62,6990.09,Two Year,Fiber,2,Bank Transfer,0
234,49,54,122.22,6944.08,Month-to-Month,Fiber,3,Credit Card,0
235,50,24,144.34,3128.72,Month-to-Month,Fiber,2,UPI,1
236,18,25,78.3,1980.13,Two Year,Fiber,2,Bank Transfer,0
237,36,71,25.36,1757.15,One Year,Fiber,3,Credit Card,1
238,19,52,86.71,4514.83,Month-to-Month,DSL,5,Cash,1
239,61,70,73.61,5217.45,Month-to-Month,Fiber,3,UPI,0
240,43,33,128.21,4073.0,Month-to-Month,DSL,0,Bank Transfer,0
241,49,49,23.73,1115.12,One Year,DSL,2,Credit Card,0
242,23,29,78.35,2378.21,Month-to-Month,Fiber,3,Bank Transfer,1
243,49,63,31.01,2098.7,Month-to-Month,Fiber,2,Credit Card,1
244,21,22,55.45,1144.9,Two Year,Fiber,3,UPI,0
245,28,26,113.23,2707.06,Month-to-Month,DSL,2,Cash,1
246,34,28,76.64,2316.65,Month-to-Month,Fiber,0,UPI,1
247,55,49,62.62,2976.26,Month-to-Month,Fiber,2,Bank Transfer,0
248,41,71,65.23,4678.86,One Year,Fiber,1,Bank Transfer,0
249,22,49,74.32,3539.38,Month-to-Month,DSL,2,Credit Card,1
250,69,20,119.9,2218.53,Month-to-Month,None,2,UPI,0
251,51,63,134.89,8649.9,One Year,Fiber,4,Credit Card,1
252,23,61,143.75,8812.84,Month-to-Month,DSL,0,UPI,0
253,39,49,120.17,5538.56,Month-to-Month,DSL,2,Bank Transfer,1
254,28,71,54.16,3808.34,Month-to-Month,None,0,Credit Card,1
255,65,1,106.34,112.66,Month-to-Month,DSL,0,Credit Card,0
256,33,13,71.26,943.13,Month-to-Month,DSL,1,UPI,1
257,50,51,45.65,2140.46,Month-to-Month,DSL,2,Cash,0
258,26,56,127.72,7221.01,Month-to-Month,DSL,0,UPI,1
259,23,62,15.38,992.22,Month-to-Month,Fiber,1,Cash,1
260,33,32,136.25,4615.24,One Year,Fiber,4,UPI,1
261,46,30,74.61,2296.1,Two Year,Fiber,3,Bank Transfer,0
262,20,29,99.21,2677.22,One Year,DSL,4,Credit Card,0
263,37,49,102.31,5223.92,Two Year,DSL,2,UPI,0
264,53,45,135.32,6305.38,Month-to-Month,Fiber,2,Bank Transfer,1
265,36,30,99.13,2691.04,Two Year,DSL,2,UPI,0
266,43,16,95.95,1508.1,Month-to-Month,Fiber,1,Credit Card,1
267,20,40,19.33,747.37,Two Year,Fiber,1,UPI,0
268,36,19,82.58,1622.18,Two Year,None,1,Cash,0
269,37,18,31.02,526.66,One Year,Fiber,1,Credit Card,0
270,49,1,113.24,115.3,Two Year,Fiber,3,Cash,1
271,24,47,81.71,4157.74,Month-to-Month,DSL,2,Bank Transfer,1
272,69,66,105.23,7358.84,Month-to-Month,DSL,2,Bank Transfer,1
273,58,38,15.83,652.24,Month-to-Month,Fiber,2,UPI,1
274,50,51,21.87,1222.11,Month-to-Month,DSL,0,Cash,0
275,57,63,110.29,6268.27,Month-to-Month,DSL,1,Cash,1
276,56,4,20.09,82.33,One Year,Fiber,4,Credit Card,1
277,35,1,19.98,19.63,Two Year,Fiber,2,Cash,0
278,57,8,11.7,100.34,Month-to-Month,DSL,4,Cash,1
279,18,29,143.91,3966.24,One Year,Fiber,4,Credit Card,1
280,28,55,113.25,6827.99,Two Year,None,2,Credit Card,1
281,45,3,59.46,182.44,Two Year,DSL,1,Cash,0
282,42,32,51.51,1745.09,Two Year,None,3,UPI,0
283,67,10,58.96,540.73,Month-to-Month,Fiber,3,Credit Card,1
284,40,34,118.45,3772.34,Two Year,None,1,Credit Card,0
285,48,55,102.59,5934.06,One Year,Fiber,1,Cash,0
286,47,32,35.93,1039.84,Month-to-Month,Fiber,4,Cash,1
287,59,50,34.38,1827.94,Month-to-Month,Fiber,1,Credit Card,0
288,52,7,23.78,150.28,One Year,Fiber,4,Cash,1
289,24,8,102.44,845.27,Month-to-Month,DSL,0,Credit Card,1
290,33,65,117.01,7400.44,One Year,Fiber,3,UPI,0
291,43,57,47.11,2745.15,One Year,Fiber,3,UPI,0
292,65,67,12.93,900.27,Month-to-Month,DSL,3,Credit Card,1
293,69,59,21.5,1228.54,Month-to-Month,Fiber,2,Credit Card,1
294,66,54,145.5,7240.95,One Year,DSL,1,Bank Transfer,0
295,19,67,51.36,3144.94,Month-to-Month,Fiber,0,Bank Transfer,0
296,18,51,117.69,6108.95,Month-to-Month,DSL,2,Cash,1
297,65,8,97.45,782.82,Month-to-Month,DSL,2,Cash,1
298,29,34,63.47,2262.51,Month-to-Month,Fiber,2,Credit Card,1
299,22,35,38.8,1360.64,Two Year,Fiber,3,Credit Card,0
300,54,32,26.99,850.28,Month-to-Month,Fiber,3,Bank Transfer,0
301,49,46,96.1,4330.5,One Year,DSL,1,Bank Transfer,1
302,26,16,118.45,1715.7,Month-to-Month,Fiber,2,Credit Card,1
303,58,68,100.15,6586.22,Month-to-Month,Fiber,1,UPI,1
304,52,37,84.24,3413.62,One Year,Fiber,2,UPI,0
305,36,54,15.87,921.01,One Year,Fiber,0,Cash,0
306,65,14,145.59,1968.71,Month-to-Month,Fiber,1,Credit Card,1
307,33,55,121.82,6817.75,Month-to-Month,DSL,1,Credit Card,0
308,20,48,51.0,2618.04,Month-to-Month,Fiber,2,Cash,0
309,37,7,147.2,1018.3,Month-to-Month,Fiber,1,Bank Transfer,1
310,41,7,94.26,596.21,One Year,DSL,1,Bank Transfer,0
311,50,33,91.54,2763.75,Month-to-Month,DSL,2,UPI,1
312,41,23,114.73,2644.27,Month-to-Month,Fiber,4,Credit Card,1
313,69,19,123.65,2569.93,Month-to-Month,Fiber,0,Bank Transfer,1
314,28,19,101.91,2011.11,Two Year,Fiber,1,UPI,0
315,66,36,27.93,919.19,Two Year,None,4,UPI,0
316,25,29,57.36,1560.09,Month-to-Month,Fiber,2,UPI,0
317,53,60,139.93,8851.39,One Year,None,1,Bank Transfer,0
318,55,2,41.45,88.56,Month-to-Month,DSL,1,Bank Transfer,0
319,57,1,62.1,63.56,Month-to-Month,DSL,3,Credit Card,0
320,37,47,70.49,3408.73,One Year,Fiber,1,Credit Card,0
321,52,69,71.52,4469.36,Two Year,Fiber,3,UPI,0
322,65,20,95.81,2042.11,Two Year,Fiber,3,UPI,1
323,42,11,142.03,1652.41,Month-to-Month,Fiber,2,Bank Transfer,1
324,52,2,43.7,83.19,Month-to-Month,DSL,2,Bank Transfer,1
325,42,67,27.01,1885.2,One Year,None,4,Credit Card,0
326,46,12,37.65,426.03,Month-to-Month,DSL,1,Credit Card,1
327,35,20,134.17,2436.7,Month-to-Month,DSL,1,Cash,1
328,63,5,100.41,472.04,Month-to-Month,Fiber,2,Credit Card,1
329,35,37,50.03,1732.13,One Year,Fiber,1,Bank Transfer,0
330,19,38,124.23,4567.55,Month-to-Month,Fiber,3,UPI,0
331,52,9,130.59,1156.14,Month-to-Month,DSL,3,Cash,1
332,33,53,128.51,6822.66,Two Year,None,4,Credit Card,1
333,58,44,138.65,6072.24,Month-to-Month,DSL,1,Credit Card,1
334,53,24,45.31,1037.56,Month-to-Month,Fiber,1,Bank Transfer,1
335,50,30,115.71,3144.42,Month-to-Month,Fiber,1,Cash,1
336,21,59,74.48,4486.69,Month-to-Month,DSL,1,Credit Card,1
337,50,14,127.88,1752.99,Month-to-Month,Fiber,2,UPI,1
338,31,9,111.99,967.33,Month-to-Month,DSL,0,Bank Transfer,1
339,38,40,118.7,5096.45,Two Year,DSL,1,Cash,0
340,65,66,101.86,7054.52,Month-to-Month,DSL,2,Credit Card,1
341,37,25,34.84,933.32,Two Year,Fiber,4,Credit Card,0
342,25,22,86.3,1896.69,Month-to-Month,Fiber,0,Cash,1
343,24,4,147.85,547.75,Month-to-Month,Fiber,0,Bank Transfer,1
344,20,26,141.23,3816.08,Month-to-Month,Fiber,1,Cash,0
345,34,58,16.04,875.63,Month-to-Month,Fiber,1,Cash,0
346,50,29,33.07,947.76,One Year,DSL,4,Bank Transfer,0
347,65,37,28.44,960.73,Month-to-Month,DSL,2,Credit Card,1
348,29,70,111.64,8323.24,Month-to-Month,Fiber,2,UPI,0
349,68,18,124.49,2073.18,Two Year,Fiber,2,Bank Transfer,0
350,39,42,39.89,1810.45,Two Year,Fiber,5,UPI,1
351,39,41,80.82,3555.0,Two Year,Fiber,3,Credit Card,0
352,63,38,127.7,4818.23,Month-to-Month,DSL,4,Cash,1
353,47,34,112.59,4015.15,One Year,Fiber,3,UPI,0
354,55,17,85.91,1495.36,Month-to-Month,Fiber,0,Credit Card,0
355,55,37,92.65,3635.84,Month-to-Month,Fiber,3,Credit Card,1
356,62,25,81.17,2001.57,Month-to-Month,DSL,2,Cash,0
357,68,27,51.66,1474.55,Month-to-Month,DSL,3,Cash,1
358,25,57,89.1,5040.57,Month-to-Month,Fiber,3,Credit Card,1
359,44,31,106.44,3590.65,Month-to-Month,DSL,1,Credit Card,1
360,44,6,132.27,791.46,Two Year,DSL,1,UPI,0
361,51,40,99.08,3933.57,Month-to-Month,None,4,Credit Card,1
362,38,12,116.56,1478.47,Month-to-Month,Fiber,0,Credit Card,1
363,47,53,32.41,1828.21,Month-to-Month,DSL,2,UPI,0
364,50,71,74.62,5355.76,Two Year,None,3,Bank Transfer,0
365,45,10,11.31,105.86,Month-to-Month,None,1,UPI,0
366,64,45,44.54,1991.38,Month-to-Month,DSL,0,UPI,0
367,50,17,111.7,2076.66,One Year,DSL,3,Cash,1
368,22,26,148.85,4065.92,One Year,Fiber,2,UPI,0
369,65,62,23.88,1572.7,Month-to-Month,DSL,1,Credit Card,0
370,36,46,66.21,2761.09,One Year,DSL,2,Credit Card,0
371,21,64,122.01,7758.45,One Year,DSL,1,Credit Card,0
372,52,2,38.56,79.38,One Year,Fiber,0,Bank Transfer,0
373,66,54,87.71,5048.97,Month-to-Month,DSL,2,Credit Card,1
374,34,65,112.63,6661.0,Two Year,DSL,0,Bank Transfer,0
375,61,51,96.24,5254.21,Month-to-Month,Fiber,3,Credit Card,0
376,45,53,36.32,1943.59,Month-to-Month,DSL,2,UPI,1
377,47,36,59.75,2020.78,Month-to-Month,DSL,4,Cash,1
378,46,26,119.73,2999.2,Month-to-Month,DSL,1,Credit Card,0
379,63,29,87.59,2429.33,Month-to-Month,Fiber,0,Bank Transfer,0
380,23,21,10.73,226.72,One Year,Fiber,0,Bank Transfer,1
381,52,11,116.54,1167.0,Month-to-Month,None,4,Cash,1
382,58,40,14.94,556.79,Month-to-Month,Fiber,0,Credit Card,0
383,54,11,114.4,1337.1,Month-to-Month,DSL,5,UPI,1
384,41,36,38.35,1279.15,Month-to-Month,Fiber,0,Credit Card,0
385,46,59,144.13,8050.25,Two Year,DSL,3,Credit Card,0
386,66,39,61.51,2376.52,Month-to-Month,Fiber,2,Cash,1
387,63,54,55.77,3021.89,Month-to-Month,DSL,1,Credit Card,1
388,48,55,30.84,1785.63,Month-to-Month,Fiber,1,UPI,0
389,52,24,52.78,1253.38,Month-to-Month,Fiber,1,Bank Transfer,1
390,50,22,132.73,3089.34,Month-to-Month,Fiber,2,Cash,1
391,69,69,149.49,10558.95,One Year,Fiber,3,UPI,0
392,38,56,61.56,3180.6,Two Year,None,2,Bank Transfer,0
393,49,33,72.81,2237.58,Month-to-Month,None,3,Cash,0
394,40,36,111.09,3948.88,One Year,Fiber,3,Cash,1
395,50,20,134.07,2626.1,One Year,DSL,1,Bank Transfer,1
396,20,62,93.03,6048.81,One Year,Fiber,2,Bank Transfer,0
397,35,26,64.81,1712.27,Month-to-Month,DSL,2,UPI,1
398,42,66,67.77,4372.75,Month-to-Month,DSL,2,Credit Card,1
399,59,40,107.39,4012.74,Month-to-Month,None,4,Credit Card,1
400,48,17,10.45,167.94,One Year,Fiber,1,Credit Card,0
401,20,1,96.74,98.2,One Year,DSL,0,Credit Card,0
402,57,61,59.77,3590.14,Month-to-Month,Fiber,1,Credit Card,1
403,63,43,121.19,5226.73,Month-to-Month,None,2,UPI,1
404,41,42,23.02,903.16,Two Year,Fiber,0,Cash,0
405,67,25,92.35,2383.97,One Year,DSL,1,UPI,0
406,49,39,77.34,3228.93,Two Year,DSL,0,UPI,0
407,64,35,99.93,3328.23,One Year,DSL,2,UPI,0
408,39,3,19.08,57.14,Month-to-Month,Fiber,2,Cash,0
409,40,44,91.2,4394.44,Month-to-Month,None,3,UPI,0
410,19,51,88.61,4368.39,One Year,Fiber,0,UPI,0
411,44,12,88.49,1082.07,Month-to-Month,DSL,5,Cash,1
412,59,19,94.49,1648.16,Month-to-Month,Fiber,5,UPI,1
413,19,44,104.71,4704.93,One Year,Fiber,1,Credit Card,0
414,43,59,122.7,6645.14,Month-to-Month,DSL,4,Bank Transfer,0
415,34,49,47.77,2555.72,One Year,Fiber,2,UPI,0
416,57,61,125.51,7986.34,Month-to-Month,Fiber,3,Bank Transfer,1
417,50,17,79.76,1434.06,Two Year,Fiber,2,UPI,0
418,26,57,20.79,1233.4,Month-to-Month,Fiber,3,UPI,1
419,60,55,18.2,1018.96,Month-to-Month,DSL,2,Credit Card,1
420,65,47,56.79,2642.39,One Year,DSL,2,Cash,0
421,56,12,119.89,1541.8,Month-to-Month,Fiber,2,Bank Transfer,1
422,46,62,109.08,7380.87,One Year,Fiber,2,Cash,1
423,59,8,120.41,963.09,One Year,Fiber,0,Credit Card,0
424,43,21,82.42,1880.2,Month-to-Month,Fiber,4,Credit Card,1
425,52,70,71.63,5097.67,Month-to-Month,DSL,4,Bank Transfer,1
426,67,25,30.64,771.88,Month-to-Month,DSL,1,Cash,1
427,42,12,55.95,665.29,Month-to-Month,Fiber,3,Credit Card,1
428,41,15,70.76,999.69,Two Year,Fiber,0,UPI,0
429,30,59,22.4,1190.42,One Year,Fiber,2,UPI,0
430,24,26,40.89,1008.18,One Year,DSL,0,UPI,0
431,53,26,93.75,2442.24,One Year,None,3,Cash,0
432,62,47,112.99,5183.03,Month-to-Month,Fiber,2,UPI,1
433,37,32,149.77,4743.26,Two Year,Fiber,1,UPI,1
434,18,10,140.64,1541.6,One Year,DSL,0,Credit Card,0
435,25,16,99.96,1551.47,One Year,None,0,Credit Card,0
436,63,71,68.97,4850.04,Two Year,Fiber,4,UPI,1
437,33,17,99.06,1560.59,Month-to-Month,Fiber,2,UPI,1
438,31,23,119.99,2510.26,One Year,Fiber,2,Credit Card,1
439,29,26,26.57,728.87,Month-to-Month,DSL,3,Bank Transfer,0
440,68,7,67.39,478.4,Month-to-Month,Fiber,5,Cash,1
441,40,14,127.57,1879.1,Month-to-Month,Fiber,3,Cash,1
442,32,7,63.74,414.94,Two Year,DSL,0,Credit Card,0
443,45,9,90.06,822.18,Two Year,Fiber,0,Cash,0
444,51,48,92.29,4211.65,One Year,DSL,2,Credit Card,0
445,19,59,35.83,1999.0,One Year,Fiber,2,Credit Card,0
446,49,39,60.71,2136.38,Month-to-Month,Fiber,2,Credit Card,1
447,40,18,56.83,947.31,Two Year,DSL,3,Credit Card,0
448,39,59,13.67,775.76,Month-to-Month,Fiber,0,Bank Transfer,0
449,68,17,13.39,210.19,Month-to-Month,None,0,UPI,1
450,42,14,126.44,1942.17,Month-to-Month,DSL,3,UPI,1
451,39,31,48.23,1437.91,One Year,Fiber,2,Bank Transfer,0
452,39,24,82.53,1834.28,One Year,DSL,3,Cash,0
453,66,60,51.82,2922.08,Month-to-Month,Fiber,1,Cash,0
454,69,45,141.7,6488.35,Month-to-Month,None,3,UPI,1
455,59,3,46.3,126.79,One Year,Fiber,3,Cash,0
456,23,37,70.15,2783.69,Month-to-Month,DSL,1,UPI,1
457,32,43,132.18,6208.35,One Year,Fiber,3,UPI,0
458,60,40,127.87,4855.73,Two Year,Fiber,4,Bank Transfer,1
459,54,55,36.05,1962.96,Month-to-Month,DSL,2,Cash,0
460,50,39,122.37,4316.31,Month-to-Month,DSL,1,Bank Transfer,1
461,25,15,74.15,1143.55,One Year,Fiber,4,UPI,1
462,61,4,77.62,305.14,One Year,Fiber,1,UPI,0
463,61,25,28.69,684.26,Month-to-Month,DSL,1,UPI,1
464,22,13,21.28,260.42,Two Year,None,3,Credit Card,1
465,56,33,111.91,3806.79,Month-to-Month,Fiber,1,Credit Card,1
466,21,16,79.5,1250.69,Month-to-Month,Fiber,4,Credit Card,1
467,23,42,71.16,2797.24,One Year,Fiber,3,Bank Transfer,0
468,62,66,112.13,7680.48,Two Year,DSL,0,UPI,1
469,49,55,117.17,6528.22,Month-to-Month,Fiber,2,Cash,0
470,69,42,32.25,1451.66,One Year,Fiber,3,Bank Transfer,0
471,47,34,95.43,2996.39,Month-to-Month,DSL,2,Bank Transfer,1
472,64,30,28.95,918.12,Month-to-Month,Fiber,1,Bank Transfer,1
473,52,13,115.19,1549.44,Month-to-Month,Fiber,4,Cash,1
474,57,13,101.97,1223.54,Two Year,Fiber,1,UPI,0
475,69,18,143.93,2691.69,Month-to-Month,Fiber,1,Credit Card,1
476,33,32,19.65,621.45,Month-to-Month,Fiber,0,UPI,1
477,30,39,17.99,764.05,Month-to-Month,DSL,3,UPI,0
478,67,46,49.51,2114.22,Two Year,Fiber,0,Bank Transfer,0
479,59,29,46.64,1391.2,One Year,DSL,2,Bank Transfer,0
480,47,62,44.58,2698.72,One Year,DSL,1,Bank Transfer,0
481,36,62,136.88,9261.92,Month-to-Month,DSL,1,Credit Card,1
482,34,57,44.94,2474.47,One Year,Fiber,2,Credit Card,0
483,36,16,48.07,840.22,Month-to-Month,Fiber,4,Credit Card,1
484,45,56,116.32,7036.97,One Year,Fiber,4,UPI,1
485,43,10,72.96,696.09,Two Year,Fiber,3,Bank Transfer,0
486,54,30,118.74,3778.46,Month-to-Month,Fiber,4,Cash,1
487,43,25,19.15,526.2,One Year,DSL,1,UPI,0
488,40,5,78.26,371.94,Month-to-Month,Fiber,2,Credit Card,0
489,26,65,14.71,944.06,Month-to-Month,Fiber,1,Cash,0
490,29,49,18.77,923.44,Month-to-Month,Fiber,1,Cash,0
491,18,3,136.9,393.86,Month-to-Month,DSL,4,Bank Transfer,1
492,18,45,29.49,1198.4,Month-to-Month,Fiber,2,Cash,1
493,64,14,84.54,1117.31,One Year,DSL,0,Credit Card,0
494,51,30,67.55,1938.12,Month-to-Month,Fiber,3,Bank Transfer,0
495,49,68,58.63,3941.87,One Year,DSL,1,Cash,0
496,65,18,135.98,2286.64,Month-to-Month,DSL,2,Bank Transfer,1
497,42,62,13.06,870.17,Month-to-Month,Fiber,2,Cash,0
498,57,37,102.93,3964.49,One Year,Fiber,0,UPI,0
499,62,25,144.88,3321.52,Month-to-Month,Fiber,2,UPI,0
500,18,48,88.42,4371.56,Month-to-Month,Fiber,5,Credit Card,0
501,33,65,141.16,9457.37,One Year,DSL,2,UPI,0
502,56,53,17.32,1001.72,Month-to-Month,DSL,3,UPI,1
503,22,15,68.63,927.13,Month-to-Month,DSL,0,UPI,1
504,39,49,46.42,2159.91,Month-to-Month,DSL,2,Cash,1
505,46,68,112.31,8290.5,Two Year,Fiber,1,Cash,0
506,20,12,147.38,1921.41,One Year,Fiber,3,Bank Transfer,0
507,29,59,45.91,2828.19,One Year,DSL,2,Cash,0
508,43,37,101.58,3958.23,One Year,Fiber,1,UPI,0
509,33,61,37.73,2113.49,Month-to-Month,DSL,2,Cash,1
510,68,43,89.15,3844.09,Month-to-Month,Fiber,1,Credit Card,1
511,54,70,74.95,4964.85,One Year,Fiber,2,Bank Transfer,1
512,39,39,146.08,5333.89,Month-to-Month,None,5,Bank Transfer,1
513,46,56,95.19,5661.46,Month-to-Month,Fiber,3,Cash,0
514,31,63,58.93,3441.6,Month-to-Month,None,4,UPI,1
515,45,46,25.97,1187.13,Month-to-Month,None,2,Bank Transfer,1
516,22,11,31.17,372.95,Two Year,DSL,2,Credit Card,1
517,64,62,41.54,2413.65,Month-to-Month,DSL,0,Credit Card,0
518,66,25,45.14,1236.38,Month-to-Month,DSL,2,Bank Transfer,1
519,47,71,129.09,10071.46,Month-to-Month,DSL,1,UPI,1
520,63,52,88.57,4656.87,Two Year,Fiber,1,UPI,0
521,69,4,83.27,311.11,Month-to-Month,Fiber,2,Cash,0
522,22,59,26.07,1481.56,Month-to-Month,DSL,3,Cash,1
523,29,20,130.42,2569.01,One Year,Fiber,1,Bank Transfer,0
524,33,63,111.19,6737.83,One Year,Fiber,2,Cash,0
525,43,54,19.47,1005.25,Month-to-Month,Fiber,1,Cash,0
526,43,57,109.1,6806.03,Month-to-Month,DSL,2,Cash,0
527,65,41,86.1,3285.37,Month-to-Month,DSL,1,Credit Card,1
528,38,3,21.44,67.32,Month-to-Month,Fiber,1,Cash,1
529,56,6,74.16,400.5,Month-to-Month,None,3,Bank Transfer,1
530,53,5,77.86,396.79,Month-to-Month,DSL,3,UPI,1
531,50,5,33.21,179.86,Month-to-Month,DSL,1,Cash,1
532,47,54,142.4,7363.46,Month-to-Month,DSL,0,UPI,1
533,54,47,129.0,5681.67,One Year,DSL,3,Cash,0
534,40,49,103.66,5233.43,Two Year,Fiber,3,Bank Transfer,0
535,27,9,74.72,701.07,One Year,DSL,3,Credit Card,1
536,22,20,67.65,1403.88,Month-to-Month,Fiber,0,Bank Transfer,1
537,53,61,101.14,5946.59,Month-to-Month,DSL,0,Credit Card,1
538,51,35,86.36,2872.8,Two Year,None,0,Cash,0
539,69,50,18.72,1021.35,Month-to-Month,Fiber,4,Cash,1
540,48,62,81.75,5497.6,Month-to-Month,Fiber,1,Credit Card,0
541,27,17,122.9,2071.46,Month-to-Month,DSL,3,Bank Transfer,1
542,36,3,74.29,238.3,One Year,Fiber,0,Bank Transfer,0
543,49,32,17.27,547.37,One Year,DSL,0,Credit Card,0
544,18,13,120.08,1537.43,Month-to-Month,Fiber,4,Cash,1
545,22,68,38.19,2418.65,Month-to-Month,Fiber,1,Credit Card,0
546,62,14,46.21,637.42,Two Year,None,2,Cash,0
547,21,11,33.06,366.38,Month-to-Month,DSL,4,Credit Card,1
548,33,56,56.23,2848.16,One Year,DSL,1,Cash,0
549,41,67,115.95,7681.82,One Year,Fiber,0,Credit Card,0
550,33,29,82.71,2533.56,One Year,DSL,1,UPI,1
551,19,9,38.68,360.66,Month-to-Month,DSL,2,Cash,0
552,66,67,132.9,9145.0,Month-to-Month,DSL,1,Bank Transfer,0
553,45,25,133.14,3601.14,Month-to-Month,DSL,1,Credit Card,1
554,49,42,131.88,5005.04,Two Year,DSL,1,Bank Transfer,0
555,44,9,43.43,395.33,Two Year,Fiber,3,Credit Card,0
556,37,40,73.17,3095.0,Month-to-Month,Fiber,1,Bank Transfer,0
557,41,25,147.9,3728.07,Month-to-Month,DSL,1,Bank Transfer,1
558,29,5,118.08,569.61,Two Year,Fiber,3,Credit Card,1
559,67,11,13.8,140.76,One Year,DSL,1,Credit Card,0
560,52,59,19.13,1216.16,Two Year,Fiber,2,Bank Transfer,0
561,50,38,74.95,2831.45,Month-to-Month,DSL,0,Bank Transfer,1
562,50,5,137.29,738.36,Month-to-Month,DSL,1,Bank Transfer,1
563,68,48,85.42,4170.56,One Year,Fiber,3,Cash,0
564,60,18,79.69,1484.39,One Year,Fiber,1,Cash,0
565,54,70,24.77,1839.41,Month-to-Month,Fiber,4,UPI,1
566,29,37,101.95,3892.22,Month-to-Month,DSL,2,Cash,1
567,20,60,125.09,7352.37,Month-to-Month,DSL,0,Cash,1
568,18,48,63.26,3044.76,Month-to-Month,Fiber,4,Credit Card,1
569,50,28,118.59,3521.77,Month-to-Month,DSL,2,UPI,1
570,57,69,145.03,9754.19,Two Year,Fiber,1,UPI,1
571,27,40,38.53,1506.71,Month-to-Month,Fiber,1,Cash,1
572,60,45,83.27,3444.15,One Year,None,2,Credit Card,0
573,61,62,50.2,3370.47,Month-to-Month,Fiber,1,Credit Card,1
574,46,58,121.0,6443.98,One Year,Fiber,2,UPI,0
575,30,67,90.86,6268.07,Two Year,Fiber,2,Credit Card,0
576,29,56,98.84,5438.95,Month-to-Month,Fiber,1,Bank Transfer,0
577,48,40,121.71,4776.5,Month-to-Month,Fiber,1,Cash,1
578,63,40,65.44,2711.6,Month-to-Month,Fiber,5,Bank Transfer,0
579,19,33,138.11,4163.02,Month-to-Month,DSL,1,UPI,1
580,68,6,84.62,517.24,One Year,Fiber,6,UPI,0
581,67,19,32.11,643.28,Two Year,DSL,4,Credit Card,0
582,52,40,107.43,4579.28,Month-to-Month,Fiber,2,Credit Card,1
583,40,59,121.06,6671.89,Month-to-Month,Fiber,1,UPI,0
584,34,59,54.35,3461.53,Month-to-Month,DSL,1,UPI,1
585,43,48,130.01,6435.37,One Year,None,3,Bank Transfer,0
586,25,41,136.86,6039.8,Month-to-Month,Fiber,2,Bank Transfer,1
587,46,13,48.77,632.14,Month-to-Month,DSL,1,Credit Card,1
588,43,45,147.69,6701.92,One Year,DSL,4,Bank Transfer,1
589,27,53,29.7,1706.02,One Year,DSL,2,Credit Card,0
590,43,42,38.28,1736.35,Month-to-Month,DSL,1,Credit Card,0
591,51,63,35.79,2231.39,One Year,Fiber,3,Cash,0
592,68,27,135.16,3484.67,Month-to-Month,Fiber,2,Credit Card,0
593,58,38,101.6,3778.31,Month-to-Month,DSL,4,Bank Transfer,1
594,24,60,31.29,1835.26,Two Year,Fiber,4,UPI,1
595,21,7,71.65,480.17,One Year,None,1,UPI,1
596,67,5,96.14,458.45,Month-to-Month,Fiber,4,Bank Transfer,1
597,62,45,21.68,1046.05,Month-to-Month,Fiber,0,UPI,1
598,28,58,133.54,7079.01,Month-to-Month,DSL,3,Credit Card,1
599,46,31,122.5,3932.4,Month-to-Month,Fiber,3,UPI,1
600,53,23,80.73,1735.29,Month-to-Month,DSL,2,Bank Transfer,0
601,42,42,145.4,5916.89,Month-to-Month,DSL,3,UPI,1
602,38,10,68.49,624.84,Month-to-Month,None,1,Credit Card,1
603,53,32,147.78,4511.4,One Year,DSL,4,Credit Card,1
604,27,53,103.51,5780.54,One Year,DSL,3,Bank Transfer,0
605,54,30,98.85,3193.85,One Year,DSL,0,Bank Transfer,0
606,26,39,33.23,1223.79,Month-to-Month,None,2,Bank Transfer,1
607,41,31,133.47,4107.41,Two Year,Fiber,1,Cash,0
608,52,2,69.85,138.87,One Year,Fiber,0,Cash,0
609,66,12,32.71,421.85,One Year,Fiber,3,Credit Card,1
610,52,39,11.77,483.16,One Year,Fiber,1,Cash,0
611,65,66,88.37,5847.67,Two Year,DSL,1,Cash,0
612,53,13,83.84,1127.14,Month-to-Month,DSL,1,UPI,0
613,35,46,110.71,5446.45,Month-to-Month,DSL,4,Cash,1
614,66,27,134.64,3278.69,One Year,Fiber,3,UPI,1
615,56,17,21.12,352.07,One Year,DSL,0,Bank Transfer,0
616,49,60,112.41,7293.94,One Year,Fiber,1,UPI,0
617,41,64,36.24,2430.83,Month-to-Month,DSL,4,UPI,1
618,40,35,130.14,4593.93,Month-to-Month,DSL,2,Bank Transfer,1
619,49,70,124.67,8778.64,Month-to-Month,Fiber,1,Bank Transfer,1
620,54,30,85.71,2493.01,Two Year,Fiber,2,Credit Card,0
621,29,71,109.43,7801.42,Month-to-Month,Fiber,1,Credit Card,1
622,66,63,54.01,3508.37,Month-to-Month,DSL,3,Credit Card,1
623,30,28,75.96,2092.15,Month-to-Month,None,3,Credit Card,1
624,40,60,125.03,7823.11,Month-to-Month,DSL,6,UPI,1
625,42,37,74.3,2947.71,Two Year,Fiber,1,UPI,0
626,52,22,60.09,1230.68,One Year,Fiber,3,Credit Card,1
627,58,68,79.19,5332.74,One Year,DSL,1,Cash,0
628,47,20,125.95,2472.66,Month-to-Month,DSL,4,Credit Card,1
629,34,68,56.93,4016.38,One Year,Fiber,2,Cash,0
630,66,64,34.33,2087.21,Month-to-Month,Fiber,3,Bank Transfer,1
631,37,17,109.68,1916.86,One Year,DSL,1,UPI,1
632,65,12,125.64,1621.51,Month-to-Month,Fiber,2,UPI,1
633,42,22,24.09,521.3,Month-to-Month,Fiber,2,Cash,1
634,39,17,43.58,801.76,One Year,Fiber,2,Credit Card,1
635,30,10,29.88,328.27,Two Year,DSL,1,UPI,0
636,36,65,58.71,3515.51,Month-to-Month,DSL,4,Cash,1
637,66,22,73.05,1521.3,One Year,None,1,Bank Transfer,0
638,53,50,114.84,6259.22,Month-to-Month,DSL,1,Bank Transfer,0
639,29,14,101.16,1546.06,Month-to-Month,DSL,2,UPI,1
640,58,64,96.93,5704.39,Month-to-Month,Fiber,2,Credit Card,0
641,36,47,59.33,2518.02,Month-to-Month,DSL,5,Cash,1
642,29,29,127.8,3454.99,Month-to-Month,Fiber,0,UPI,1
643,26,36,75.98,3006.63,Month-to-Month,DSL,0,Bank Transfer,1
644,24,52,147.07,7158.19,Month-to-Month,Fiber,2,Credit Card,1
645,45,7,98.78,691.81,Two Year,Fiber,1,Cash,0
646,31,29,27.68,858.66,Month-to-Month,Fiber,4,UPI,0
647,48,11,104.66,1040.83,One Year,Fiber,4,Cash,1
648,69,33,55.51,1870.11,Month-to-Month,Fiber,2,Credit Card,1
649,36,6,106.09,608.15,One Year,Fiber,1,Credit Card,0
650,64,32,19.75,677.8,Month-to-Month,None,1,Bank Transfer,0
651,33,51,34.48,1682.32,Month-to-Month,Fiber,4,Credit Card,1
652,22,58,129.8,7809.59,Month-to-Month,DSL,1,UPI,1
653,52,26,41.81,1124.94,Month-to-Month,DSL,8,Cash,1
654,29,46,127.19,5524.85,Month-to-Month,None,0,Credit Card,1
655,42,29,49.1,1291.42,One Year,DSL,1,Credit Card,1
656,69,4,100.0,392.74,Two Year,DSL,3,UPI,0
657,38,13,107.18,1334.59,One Year,Fiber,1,Cash,1
658,53,39,81.77,3386.1,One Year,Fiber,3,Cash,0
659,40,15,52.74,838.62,Month-to-Month,Fiber,2,Bank Transfer,0
660,33,29,39.77,1143.42,Month-to-Month,DSL,2,Bank Transfer,1
661,56,29,14.65,433.9,Month-to-Month,DSL,1,Cash,1
662,62,32,52.55,1716.66,Month-to-Month,Fiber,2,UPI,1
663,59,2,101.44,216.15,Month-to-Month,Fiber,0,UPI,1
664,56,47,141.36,6544.26,Month-to-Month,DSL,1,Bank Transfer,1
665,31,22,131.97,2772.95,Month-to-Month,Fiber,0,Credit Card,1
666,48,27,117.25,3016.98,Month-to-Month,DSL,5,UPI,1
667,22,67,120.38,8123.84,One Year,DSL,4,Credit Card,1
668,52,56,103.1,5714.88,One Year,DSL,3,UPI,0
669,40,21,46.44,963.56,Month-to-Month,DSL,1,Cash,0
670,46,47,137.01,5912.9,Two Year,DSL,2,Bank Transfer,0
671,60,59,103.9,6398.11,Two Year,Fiber,1,Credit Card,0
672,28,6,88.46,500.37,Month-to-Month,DSL,4,Credit Card,1
673,35,19,25.54,455.85,Month-to-Month,DSL,1,Cash,1
674,64,57,72.59,4065.44,Month-to-Month,Fiber,0,UPI,1
675,29,69,74.45,4857.37,Two Year,Fiber,3,Credit Card,0
676,26,3,131.04,399.71,Two Year,Fiber,1,UPI,1
677,27,1,86.53,84.31,Month-to-Month,Fiber,3,Cash,1
678,61,58,63.26,3631.59,Month-to-Month,DSL,0,Bank Transfer,0
679,34,38,146.75,5617.95,Month-to-Month,DSL,2,Credit Card,0
680,55,15,25.5,359.82,Month-to-Month,Fiber,2,UPI,1
681,24,34,69.16,2189.54,Month-to-Month,Fiber,1,Credit Card,0
682,63,61,15.88,1042.38,Two Year,None,3,UPI,0
683,30,35,113.59,3922.95,One Year,Fiber,3,UPI,0
684,57,64,138.53,8710.05,One Year,Fiber,1,UPI,1
685,59,25,49.21,1115.99,Two Year,DSL,1,Cash,0
686,26,24,130.17,3122.82,One Year,DSL,3,Bank Transfer,1
687,67,12,50.91,617.54,Month-to-Month,Fiber,1,Credit Card,1
688,44,18,137.51,2504.31,One Year,Fiber,0,Bank Transfer,0
689,19,15,115.55,1805.02,Month-to-Month,Fiber,1,UPI,1
690,22,27,122.69,3098.95,One Year,DSL,3,UPI,1
691,46,60,12.52,713.97,Month-to-Month,DSL,4,Bank Transfer,1
692,54,46,144.79,7074.25,One Year,Fiber,2,Bank Transfer,0
693,55,17,111.73,2069.28,Month-to-Month,DSL,0,Credit Card,1
694,36,53,52.67,2588.25,Month-to-Month,DSL,2,UPI,0
695,25,8,126.12,1008.49,Month-to-Month,Fiber,1,Bank Transfer,1
696,65,27,49.41,1257.81,Month-to-Month,Fiber,3,Cash,1
697,62,46,132.19,5545.72,One Year,DSL,2,UPI,0
698,18,50,25.76,1243.05,One Year,Fiber,2,UPI,0
699,39,71,108.52,7155.85,Month-to-Month,Fiber,2,Credit Card,0
700,69,3,85.7,267.89,Month-to-Month,DSL,0,Cash,1
701,34,64,23.51,1514.79,Month-to-Month,DSL,3,Credit Card,0
702,24,44,43.87,1792.78,Month-to-Month,DSL,2,Cash,1
703,42,53,11.74,561.15,Month-to-Month,DSL,0,Credit Card,0
704,62,24,75.63,1926.99,Two Year,DSL,2,Cash,1
705,21,60,52.18,2928.05,Month-to-Month,Fiber,2,Cash,1
706,53,3,93.77,287.29,Month-to-Month,DSL,2,Cash,0
707,23,20,51.61,998.53,Month-to-Month,Fiber,2,Bank Transfer,1
708,48,46,51.99,2432.43,Month-to-Month,Fiber,3,UPI,1
709,36,15,114.05,1647.68,Month-to-Month,DSL,1,Cash,1
710,61,25,16.74,383.93,One Year,DSL,2,Bank Transfer,0
711,56,71,136.41,9148.46,Month-to-Month,Fiber,2,Bank Transfer,1
712,44,17,129.32,2061.28,Month-to-Month,None,3,Credit Card,1
713,27,9,103.49,918.0,Month-to-Month,Fiber,2,UPI,0
714,43,38,93.05,3647.84,Month-to-Month,Fiber,4,UPI,1
715,36,48,134.92,6170.23,Month-to-Month,Fiber,2,Credit Card,1
716,56,60,35.95,1946.51,Two Year,DSL,1,UPI,0
717,20,63,21.06,1331.81,One Year,DSL,1,Credit Card,0
718,62,2,43.53,88.9,Month-to-Month,Fiber,0,Bank Transfer,1
719,30,11,121.24,1457.1,Month-to-Month,DSL,2,Bank Transfer,1
720,67,64,14.85,967.41,Month-to-Month,Fiber,4,Cash,0
721,45,21,91.59,1912.3,Month-to-Month,DSL,1,Credit Card,1
722,37,18,149.36,2727.95,One Year,Fiber,0,Bank Transfer,0
723,45,64,129.8,9018.13,One Year,Fiber,2,Bank Transfer,0
724,25,38,83.0,3361.14,Month-to-Month,None,0,Credit Card,1
725,58,32,18.91,583.7,Month-to-Month,Fiber,0,Bank Transfer,0
726,56,11,126.39,1317.23,Month-to-Month,Fiber,3,UPI,1
727,18,45,93.86,4023.19,Two Year,DSL,2,Bank Transfer,0
728,20,33,26.09,861.73,One Year,None,3,Credit Card,0
729,30,41,23.14,995.05,Month-to-Month,Fiber,1,UPI,1
730,45,8,137.35,1099.51,Month-to-Month,Fiber,1,UPI,1
731,66,11,103.69,1042.0,One Year,Fiber,2,Bank Transfer,1
732,42,51,126.1,6718.67,Month-to-Month,DSL,4,Cash,1
733,50,41,133.06,5789.3,Month-to-Month,Fiber,3,UPI,1
734,55,17,90.05,1466.4,Month-to-Month,DSL,1,Credit Card,0
735,23,46,82.44,3916.72,One Year,None,4,Cash,1
736,61,32,70.26,2215.31,Month-to-Month,Fiber,1,Cash,1
737,62,54,54.37,3164.47,Month-to-Month,Fiber,3,UPI,1
738,49,20,70.84,1514.62,Two Year,Fiber,1,Bank Transfer,0
739,62,33,118.34,3925.08,Month-to-Month,Fiber,1,Cash,1
740,64,40,94.27,3915.23,Month-to-Month,DSL,2,Bank Transfer,1
741,38,32,134.95,4649.49,Month-to-Month,Fiber,3,UPI,1
742,33,2,72.07,144.02,Month-to-Month,Fiber,1,Credit Card,1
743,38,33,94.99,3017.59,One Year,DSL,3,Cash,0
744,28,30,98.38,3101.13,Month-to-Month,Fiber,2,Credit Card,1
745,54,33,92.84,2892.19,Month-to-Month,DSL,2,Bank Transfer,0
746,53,26,108.37,2754.8,Month-to-Month,Fiber,2,Bank Transfer,0
747,52,22,43.24,1020.86,One Year,DSL,0,Credit Card,1
748,36,66,81.73,5636.29,One Year,None,5,UPI,0
749,37,38,24.59,916.44,Month-to-Month,DSL,2,UPI,0
750,35,46,63.83,2768.67,Month-to-Month,None,2,Cash,1
751,64,15,78.27,1140.23,One Year,Fiber,0,Cash,1
752,58,44,101.31,4265.16,Month-to-Month,Fiber,4,UPI,1
753,66,49,143.07,6556.28,One Year,DSL,1,UPI,1
754,31,61,94.09,6018.81,One Year,DSL,1,Credit Card,0
755,32,67,114.1,7265.63,One Year,Fiber,5,Bank Transfer,1
756,48,6,80.88,480.83,Month-to-Month,Fiber,0,Bank Transfer,0
757,18,9,98.77,868.64,Month-to-Month,Fiber,2,Cash,0
758,20,6,19.93,131.11,One Year,Fiber,1,UPI,0
759,33,32,45.61,1427.73,Month-to-Month,Fiber,3,Credit Card,0
760,40,41,60.66,2278.14,Month-to-Month,DSL,2,Cash,1
761,28,8,76.15,559.22,Two Year,Fiber,5,Credit Card,1
762,29,50,16.39,834.37,Two Year,Fiber,3,UPI,0
763,27,62,29.6,1871.67,Month-to-Month,DSL,2,UPI,1
764,49,62,48.75,2973.39,Month-to-Month,DSL,2,UPI,1
765,33,7,146.01,1008.14,Month-to-Month,DSL,1,Bank Transfer,1
766,25,4,56.39,205.44,One Year,DSL,0,UPI,0
767,55,6,77.49,466.48,Two Year,Fiber,1,Cash,1
768,29,58,37.45,2174.16,Month-to-Month,DSL,3,Bank Transfer,0
769,41,22,95.51,1953.95,Month-to-Month,DSL,1,Credit Card,0
770,45,26,49.3,1180.24,Two Year,Fiber,1,Cash,0
771,25,3,38.98,108.14,Month-to-Month,DSL,0,Cash,1
772,45,41,82.32,3105.8,Month-to-Month,None,2,Credit Card,0
773,53,60,10.77,660.38,Two Year,Fiber,3,Bank Transfer,0
774,43,14,11.07,145.57,Month-to-Month,Fiber,4,Cash,1
775,25,12,40.67,463.78,One Year,Fiber,2,Cash,0
776,67,12,15.14,169.82,Month-to-Month,Fiber,3,Cash,0
777,45,13,25.12,356.46,Month-to-Month,Fiber,3,Bank Transfer,1
778,45,25,57.44,1537.85,One Year,DSL,2,Bank Transfer,0
779,54,45,122.36,5209.41,Month-to-Month,Fiber,3,Bank Transfer,1
780,58,19,90.09,1652.68,Two Year,None,0,Cash,0
781,53,55,81.77,4236.41,Month-to-Month,DSL,2,UPI,1
782,44,45,51.09,2295.31,Month-to-Month,DSL,2,Credit Card,0
783,34,8,140.45,1015.65,Month-to-Month,DSL,4,UPI,1
784,26,53,65.58,3594.87,Month-to-Month,Fiber,2,Bank Transfer,1
785,50,55,22.19,1226.1,Month-to-Month,Fiber,2,Cash,0
786,37,32,96.39,3330.4,Month-to-Month,DSL,2,Cash,0
787,30,51,25.94,1234.14,Month-to-Month,DSL,2,UPI,0
788,45,44,58.33,2722.62,Month-to-Month,DSL,1,UPI,1
789,65,70,81.04,6004.05,One Year,Fiber,2,Credit Card,0
790,46,18,132.39,2205.33,One Year,None,3,Cash,0
791,30,22,79.1,1704.89,One Year,Fiber,1,UPI,0
792,63,37,108.32,3743.44,Month-to-Month,DSL,3,Credit Card,1
793,52,56,148.99,7934.15,Month-to-Month,None,3,Bank Transfer,0
794,23,59,28.41,1596.82,One Year,Fiber,1,UPI,0
795,35,3,48.46,147.02,Month-to-Month,DSL,1,Bank Transfer,1
796,68,28,65.24,1794.35,Month-to-Month,Fiber,4,Credit Card,1
797,22,35,69.06,2633.54,One Year,Fiber,2,Bank Transfer,0
798,64,61,67.54,3812.07,One Year,DSL,1,Cash,0
799,42,54,137.07,8103.01,Month-to-Month,DSL,1,Cash,1
800,19,63,109.96,6554.28,Month-to-Month,None,0,Bank Transfer,0
801,27,7,95.11,702.1,One Year,DSL,2,Cash,0
802,47,49,53.31,2528.06,Month-to-Month,Fiber,3,Credit Card,0
803,67,31,125.33,3607.89,One Year,DSL,2,Cash,0
804,62,58,143.71,8931.79,One Year,None,1,Bank Transfer,0
805,22,61,124.97,7331.75,One Year,Fiber,1,Bank Transfer,0
806,50,24,10.22,253.07,Month-to-Month,None,4,Bank Transfer,0
807,18,20,99.1,2008.34,Month-to-Month,Fiber,1,UPI,1
808,35,37,17.16,631.33,One Year,DSL,1,Bank Transfer,0
809,49,4,46.07,184.13,One Year,Fiber,3,Credit Card,1
810,64,20,18.33,383.63,One Year,Fiber,1,Cash,1
811,66,60,94.53,5204.19,Month-to-Month,Fiber,1,Cash,0
812,28,24,106.12,2632.55,Month-to-Month,DSL,3,UPI,1
813,38,50,26.03,1404.53,Two Year,Fiber,2,UPI,0
814,43,49,63.74,2847.03,One Year,Fiber,2,Credit Card,0
815,42,51,73.87,3496.61,Two Year,DSL,2,Bank Transfer,1
816,39,36,61.67,2316.31,One Year,None,2,UPI,0
817,44,66,26.94,1755.74,Month-to-Month,Fiber,3,Cash,0
818,66,34,68.65,2289.07,One Year,Fiber,3,UPI,0
819,30,36,115.16,3844.75,Two Year,Fiber,5,UPI,0
820,50,6,19.94,119.8,Month-to-Month,Fiber,1,Bank Transfer,1
821,51,39,21.23,766.13,One Year,DSL,3,UPI,0
822,58,42,59.67,2494.42,Month-to-Month,DSL,1,Credit Card,0
823,52,58,141.84,8660.46,Month-to-Month,DSL,0,Cash,0
824,18,12,103.6,1183.09,One Year,Fiber,2,Bank Transfer,1
825,38,3,105.01,313.82,Month-to-Month,DSL,3,Cash,1
826,65,18,60.67,1199.52,Month-to-Month,DSL,1,Credit Card,1
827,23,40,93.11,3863.43,Month-to-Month,DSL,4,Credit Card,1
828,45,21,11.42,256.19,Month-to-Month,DSL,1,UPI,0
829,34,15,99.05,1460.45,Month-to-Month,DSL,0,UPI,0
830,22,26,137.86,3776.38,Month-to-Month,DSL,2,UPI,1
831,48,8,95.76,695.68,Two Year,Fiber,0,Cash,0
832,22,42,132.32,5138.31,Month-to-Month,None,4,Credit Card,1
833,55,44,111.36,4608.86,Month-to-Month,DSL,1,Bank Transfer,1
834,20,14,26.88,368.94,Month-to-Month,DSL,2,UPI,0
835,40,2,136.34,291.54,One Year,Fiber,1,Cash,1
836,54,37,19.3,692.14,Month-to-Month,DSL,1,UPI,0
837,54,69,84.76,6029.3,One Year,DSL,1,Credit Card,0
838,27,38,29.9,1183.76,One Year,Fiber,2,Bank Transfer,0
839,27,41,11.64,485.47,One Year,Fiber,1,Credit Card,0
840,36,62,69.08,4160.67,Month-to-Month,DSL,2,Cash,1
841,34,60,51.31,3126.04,One Year,DSL,3,UPI,0
842,38,14,78.04,1058.09,Month-to-Month,DSL,4,Credit Card,1
843,31,2,90.81,166.5,Two Year,Fiber,2,Cash,0
844,26,70,16.12,1239.62,One Year,DSL,2,UPI,0
845,63,17,27.22,428.24,Month-to-Month,Fiber,3,Bank Transfer,1
846,18,28,88.21,2258.63,Month-to-Month,Fiber,3,Credit Card,1
847,68,66,58.04,4120.64,Month-to-Month,Fiber,2,UPI,1
848,62,35,112.08,3767.33,One Year,Fiber,3,UPI,0
849,30,5,101.32,521.83,Month-to-Month,Fiber,1,UPI,1
850,21,65,128.38,8059.32,Month-to-Month,Fiber,4,UPI,1
851,18,40,106.95,4185.13,Month-to-Month,Fiber,0,Credit Card,0
852,66,56,70.19,3743.63,One Year,Fiber,5,UPI,0
853,57,36,104.22,3634.14,One Year,DSL,2,Cash,0
854,49,45,48.55,2145.73,One Year,Fiber,1,Credit Card,0
855,51,23,52.88,1269.86,One Year,Fiber,1,UPI,1
856,45,47,120.46,5674.68,Month-to-Month,DSL,1,Credit Card,0
857,48,31,72.5,2446.88,Month-to-Month,Fiber,2,Cash,1
858,25,11,121.77,1216.74,One Year,DSL,1,Cash,1
859,56,10,125.14,1252.17,Month-to-Month,Fiber,4,Credit Card,1
860,43,67,130.06,8860.81,Month-to-Month,Fiber,3,UPI,1
861,51,14,138.33,2099.37,Month-to-Month,DSL,0,UPI,1
862,20,10,70.34,639.98,Month-to-Month,DSL,2,Cash,0
863,67,1,54.64,55.44,Month-to-Month,DSL,0,UPI,0
864,29,5,91.51,489.91,Two Year,DSL,0,Cash,0
865,18,20,61.96,1175.24,Month-to-Month,None,2,UPI,1
866,61,8,94.15,809.88,Month-to-Month,Fiber,3,Cash,1
867,22,43,108.78,4227.6,Month-to-Month,Fiber,2,Bank Transfer,1
868,47,1,106.38,111.33,One Year,Fiber,2,UPI,1
869,47,57,62.44,3867.38,Month-to-Month,Fiber,1,UPI,0
870,34,64,33.36,2202.16,Two Year,DSL,0,UPI,0
871,65,28,70.27,1943.57,Two Year,DSL,2,Credit Card,0
872,64,37,29.96,1007.62,Month-to-Month,Fiber,3,UPI,0
873,40,47,134.61,6858.25,Two Year,None,3,Credit Card,0
874,32,37,58.42,2148.7,Two Year,DSL,3,Credit Card,0
875,54,49,31.62,1403.43,One Year,Fiber,3,Cash,1
876,38,44,13.56,619.29,One Year,Fiber,0,Credit Card,0
877,31,56,100.42,5603.09,Month-to-Month,Fiber,1,Credit Card,0
878,19,28,99.17,2568.14,Month-to-Month,Fiber,2,Bank Transfer,1
879,28,6,57.68,326.3,Month-to-Month,Fiber,1,UPI,1
880,68,61,20.04,1115.96,Month-to-Month,DSL,4,Credit Card,1
881,56,20,67.35,1367.01,Two Year,Fiber,0,UPI,0
882,55,2,53.57,109.75,Month-to-Month,Fiber,1,Credit Card,1
883,51,37,104.8,3882.05,One Year,None,4,Cash,0
884,55,20,94.81,2016.46,One Year,DSL,1,Bank Transfer,0
885,67,26,61.04,1701.63,Two Year,None,2,Credit Card,0
886,51,29,40.5,1201.66,Two Year,Fiber,4,UPI,0
887,35,1,148.33,133.88,Month-to-Month,Fiber,2,Cash,1
888,47,35,73.56,2675.13,Month-to-Month,DSL,3,UPI,1
889,32,70,106.36,7323.1,Month-to-Month,Fiber,1,Cash,1
890,44,59,29.68,1774.08,Month-to-Month,Fiber,2,Bank Transfer,1
891,68,69,77.98,5541.05,Month-to-Month,DSL,1,Cash,0
892,51,33,13.86,443.68,Month-to-Month,DSL,3,UPI,1
893,69,51,80.76,4462.35,One Year,Fiber,3,UPI,0
894,55,12,144.96,1612.18,Month-to-Month,Fiber,1,Credit Card,1
895,50,20,63.79,1319.56,Month-to-Month,Fiber,3,Cash,1
896,41,53,15.46,738.16,One Year,Fiber,3,UPI,0
897,32,43,14.33,668.52,Month-to-Month,Fiber,3,Credit Card,0
898,47,50,64.32,2966.76,Month-to-Month,Fiber,2,Bank Transfer,1
899,59,29,32.4,863.47,One Year,Fiber,0,UPI,1
900,68,57,13.27,731.13,One Year,None,4,Credit Card,0
901,34,39,115.87,4404.66,One Year,DSL,1,UPI,0
902,22,56,74.19,3917.24,Month-to-Month,DSL,2,Cash,0
903,46,43,50.49,2208.03,One Year,Fiber,2,Credit Card,0
904,21,50,136.01,6722.86,One Year,Fiber,1,Cash,0
905,27,23,26.26,547.71,Month-to-Month,Fiber,2,Bank Transfer,1
906,34,44,143.83,6100.25,One Year,Fiber,6,Cash,0
907,27,38,53.96,2177.79,Two Year,Fiber,0,Credit Card,1
908,34,23,134.38,3208.0,Month-to-Month,DSL,4,UPI,1
909,37,45,94.41,4439.52,Month-to-Month,DSL,2,Credit Card,0
910,41,52,125.74,6797.56,Two Year,DSL,1,Cash,0
911,22,50,147.76,7108.69,One Year,Fiber,2,Cash,1
912,51,8,50.38,370.77,Month-to-Month,None,4,UPI,1
913,23,1,144.56,137.98,One Year,Fiber,1,Bank Transfer,0
914,19,8,64.53,550.5,Month-to-Month,Fiber,2,Credit Card,1
915,30,29,63.97,2033.4,Month-to-Month,Fiber,2,UPI,0
916,60,5,57.65,287.9,Month-to-Month,DSL,5,UPI,1
917,60,47,85.8,3637.16,Two Year,None,1,UPI,0
918,65,34,31.58,996.42,Two Year,Fiber,0,Credit Card,1
919,28,65,87.52,5486.37,Month-to-Month,DSL,2,Credit Card,0
920,68,55,85.84,4795.4,Month-to-Month,DSL,1,Credit Card,0
921,64,43,116.67,4590.48,Month-to-Month,Fiber,0,Bank Transfer,0
922,40,30,126.71,4138.37,Two Year,Fiber,1,UPI,1
923,33,17,71.66,1185.35,Two Year,Fiber,1,Cash,1
924,48,26,52.33,1472.85,One Year,None,2,Cash,0
925,28,8,46.31,391.27,One Year,Fiber,2,UPI,1
926,33,47,37.25,1840.19,One Year,DSL,2,Cash,0
927,25,46,18.07,848.96,Month-to-Month,Fiber,0,Bank Transfer,0
928,21,68,57.94,4039.82,Month-to-Month,DSL,3,Bank Transfer,1
929,57,33,47.83,1621.95,Month-to-Month,Fiber,1,Credit Card,0
930,21,1,145.3,149.04,One Year,DSL,1,Credit Card,1
931,42,19,88.08,1691.5,One Year,DSL,3,Credit Card,1
932,20,31,58.62,1994.0,Month-to-Month,DSL,1,Credit Card,1
933,49,14,91.27,1337.14,Two Year,DSL,0,Credit Card,0
934,20,53,29.49,1649.54,Month-to-Month,Fiber,1,Cash,0
935,44,48,72.17,3722.21,Month-to-Month,DSL,2,Cash,1
936,46,69,97.67,6355.96,One Year,Fiber,2,Credit Card,0
937,49,62,78.45,4459.03,One Year,Fiber,1,Bank Transfer,0
938,67,66,66.25,4357.54,One Year,DSL,1,Cash,0
939,68,64,149.14,9571.84,Month-to-Month,Fiber,4,Bank Transfer,1
940,36,70,133.24,9940.84,Month-to-Month,DSL,3,Bank Transfer,1
941,38,63,97.28,6059.73,One Year,None,0,UPI,1
942,22,33,89.71,3002.38,Month-to-Month,Fiber,1,UPI,1
943,35,41,96.89,3994.0,Month-to-Month,DSL,3,Credit Card,1
944,45,48,38.18,1663.38,One Year,Fiber,3,Bank Transfer,0
945,59,13,65.32,868.73,Month-to-Month,Fiber,1,Cash,1
946,39,31,15.52,512.69,One Year,Fiber,2,UPI,0
947,38,68,76.58,4850.73,One Year,None,3,UPI,0
948,23,4,86.02,350.57,Month-to-Month,DSL,1,Bank Transfer,1
949,18,19,41.88,810.62,Month-to-Month,None,0,UPI,1
950,22,70,144.96,9465.68,One Year,None,2,UPI,0
951,58,13,137.32,1650.72,One Year,Fiber,3,Cash,0
952,29,23,111.1,2800.64,One Year,Fiber,2,Bank Transfer,0
953,43,1,84.67,82.87,One Year,DSL,3,UPI,0
954,63,54,131.8,6729.2,One Year,Fiber,0,Bank Transfer,1
955,51,71,28.29,1876.56,Two Year,Fiber,2,UPI,0
956,66,15,120.67,1870.72,Month-to-Month,Fiber,4,Cash,1
957,31,65,27.47,1824.63,Month-to-Month,DSL,4,Bank Transfer,1
958,43,71,121.19,8851.53,Month-to-Month,DSL,2,UPI,1
959,62,15,48.61,669.07,Month-to-Month,Fiber,2,Cash,1
960,44,21,132.79,3008.07,Month-to-Month,Fiber,1,UPI,1
961,26,19,142.17,2641.41,Month-to-Month,DSL,1,Bank Transfer,1
962,43,60,30.83,1780.75,Two Year,DSL,0,UPI,0
963,64,33,74.77,2448.84,Month-to-Month,Fiber,2,Bank Transfer,0
964,39,49,147.34,7060.92,Month-to-Month,DSL,0,Bank Transfer,1
965,64,35,77.68,2916.5,Month-to-Month,Fiber,1,UPI,1
966,47,44,130.9,6254.07,Month-to-Month,Fiber,3,Cash,1
967,60,11,92.42,976.66,Month-to-Month,DSL,0,Credit Card,1
968,65,66,62.55,4428.79,Month-to-Month,DSL,2,Cash,1
969,34,46,50.01,2429.99,Month-to-Month,Fiber,1,Cash,1
970,43,9,38.45,375.87,One Year,DSL,2,UPI,0
971,53,3,116.65,332.16,Two Year,DSL,0,Cash,0
972,18,26,64.12,1692.78,Two Year,DSL,2,Cash,0
973,25,48,81.58,3739.27,One Year,DSL,1,Credit Card,0
974,66,66,78.93,5547.05,Month-to-Month,DSL,3,Cash,0
975,52,70,90.82,5728.43,Two Year,Fiber,3,Credit Card,0
976,69,28,131.18,3720.66,Two Year,Fiber,2,UPI,1
977,32,26,147.3,3706.64,Month-to-Month,Fiber,2,Credit Card,1
978,64,25,67.06,1617.05,One Year,Fiber,2,Bank Transfer,0
979,39,12,125.85,1553.97,Month-to-Month,DSL,0,Bank Transfer,1
980,31,5,117.03,626.28,One Year,DSL,2,Credit Card,0
981,43,48,90.29,4428.57,Two Year,Fiber,2,Bank Transfer,0
982,45,37,143.85,5698.4,Month-to-Month,Fiber,1,UPI,1
983,40,44,38.07,1596.22,Two Year,Fiber,3,Bank Transfer,0
984,31,15,25.3,380.98,One Year,Fiber,1,Credit Card,0
985,41,43,129.55,5515.54,Two Year,DSL,1,UPI,0
986,19,48,71.48,3095.93,Month-to-Month,Fiber,2,Bank Transfer,0
987,62,70,128.58,9102.87,One Year,DSL,1,UPI,0
988,43,46,135.03,6412.04,Month-to-Month,None,1,Credit Card,1
989,31,43,18.74,820.63,Month-to-Month,Fiber,0,Bank Transfer,0
990,68,21,133.69,2940.16,Month-to-Month,Fiber,3,UPI,1
991,24,23,72.76,1697.36,Two Year,Fiber,2,UPI,0
992,20,47,81.46,3496.87,One Year,DSL,2,Bank Transfer,0
993,64,15,97.72,1353.36,Two Year,DSL,4,UPI,1
994,40,25,139.69,3559.63,Two Year,Fiber,1,UPI,0
995,63,36,12.68,435.94,Month-to-Month,DSL,3,Credit Card,0
996,60,51,76.76,3585.64,Month-to-Month,DSL,2,Credit Card,1
997,64,15,106.28,1571.75,Month-to-Month,Fiber,2,Credit Card,1
998,62,68,111.18,7642.38,Month-to-Month,Fiber,1,Credit Card,1
999,35,21,106.95,2169.02,Month-to-Month,DSL,3,Credit Card,1
1000,55,13,28.82,391.18,Month-to-Month,DSL,1,Credit Card,0
